externalCustomerId,name,email,customerSegment,tenure,productsHeld,mrr,arr,frustrationScore,healthScore,churnProbability,status,issueCategory
SB-PC-001,Dr. Anele Nkosi (Private Client),anele.nkosi@privateclient.co.za,PRIVATE_CLIENT,8 years,"Current Account, Investments, Credit Card, Home Loan",45000.00,540000.00,88,12,88.00,AT_RISK,Service Delay (Investment Request)
SB-CC-002,Apex Logistics Enterprise (SME),treasury@apexlogistics.co.za,COMMERCIAL_SME,4 years,"Business Account, Merchant Services, Business Lending",66666.67,800000.00,76,24,76.00,AT_RISK,Merchant Settlement / Payment Disruption
SB-EC-003,Thabo Khumalo (Everyday Banking),thabo.khumalo@gmail.com,EVERYDAY_BANKING,2 years,"Current Account + Debit Card",708.33,8500.00,62,38,62.00,AT_RISK,Card Transaction Dispute SLA
SB-CIB-2001,Woolworths South Africa Corporate,finance@woolworths.co.za,COMMERCIAL_SME,12 years,"Merchant Clearing, Corporate Credit",450000.00,5400000.00,82,38,84.50,AT_RISK,API Gateway Merchant Disruption
SB-CIB-2002,Nedbank Corporate & Investment,treasury@nedbank.co.za,COMMERCIAL_SME,10 years,"Corporate Clearing, Liquidity Facilities",620000.00,7440000.00,79,41,79.20,AT_RISK,Liquidity Clearing Settlement Delay
SB-CIB-2003,FirstRand Group Treasury,payments@firstrand.co.za,COMMERCIAL_SME,15 years,"Corporate Treasury",510000.00,6120000.00,15,85,14.00,ACTIVE,None
SB-CIB-2004,Pick n Pay Enterprise Services,treasury@pnp.co.za,COMMERCIAL_SME,8 years,"POS Merchant Terminals",280000.00,3360000.00,88,34,88.10,AT_RISK,POS Gateway Timeout Anomaly
SB-CIB-2005,Discovery Health Corporate,corporate@discovery.co.za,COMMERCIAL_SME,9 years,"Healthcare Claims Clearing",390000.00,4680000.00,72,48,72.00,AT_RISK,Claims Batch Processing Delay
SB-CIB-2006,Sanlam Life Insurance,finance@sanlam.co.za,COMMERCIAL_SME,11 years,"Asset Management Clearing",410000.00,4920000.00,6,92,6.50,ACTIVE,None
